NickName,Province,City
王涵,,
店长,山东,济宁
Finally smile,,
a little,山东,济南
Pr,山东,潍坊
QINXIA,山东,济宁
三只松鼠,黑龙江,哈尔滨
李,山东,济宁
君问归期未有期,山东,济宁
零度,山东,济宁
川,山东,济宁
选择生活,山东,济宁
许枫,,
赵英华,,
黎明之前,,
迷路,,
静静,,
给你个眼神,Cuanza Norte,
很穷并很快乐,山东,济宁
小太阳,,
世界和平.,河北,承德
静茹,河南,郑州
弋者,,
高兴,Kildare,
倩儿,,
黄记泰和堤口店,,
一个人,Vienna,
宁静致远,,
济南富贵居宾馆,山东,济南
郝蕊,山东,
Fedezer,山东,济宁
N张咏,,
万里长城,山东,济南
开心果,Daejeon,
LJ,,
张雅敏,,
ZYG,山东,济宁
你快乐我开心,,
豆豆,吉林,
无心少年,山东,济宁
娘娘,,
.,,
东房毋,山东,济南
妞妞,吉林,
离心つ°,江西,南昌
水 电 改 装,山东,
李丹丹,,
●洹,Vaud,
周勇,山东,
kk,,
牛奶,,
天美,,
信子宇,Marseille,
昝,,
小仙女Winnie,Marseille,
莫家街,,
从,山东,济南
星星,山东,烟台
Francoise,,
数学家-郭,,
小姐姐,,
白雪,河北,邯郸
昝桂美,山东,济宁
希望的人,,
分米客服 fm8.co,广东,广州
阳光,内蒙古,呼和浩特
右小姐,Munich,
亚宁,江苏,苏州
红红,,
Hemingway,江西,南昌
熊继文,,
韩紫萱呀??,Metz,
甜甜很想你,,
倾城,,
建群助手客服～小佐,,
娟,山东,济宁
一切随缘,,
昝贵苓,山东,济宁
加油????,山东,
被等待,山东,
美钻??,,
风火9区财务,,
顺其自然,,
幸福快乐,山东,济宁
Lian Jian,山东,济南
??,,
Rainbow,山东,济南
A  微信App,广东,深圳
木子李,,
at day break,辽宁,大连
大明,广东,广州
高,,
枫子,山东,德州
自由自在,山东,
我叫小骄傲??,山东,青岛
大浪淘沙-兰姐,,
榴莲?? ??,Kildare,
李莎莎,天津,西青
冰凝,山东,济南
左右风光,,
?,山东,济宁
城府,山东,济南
FontTian,山东,
吴越春秋,安徽,安庆
Hermes,陕西,西安
昝要金,,
小宝宝,,
少女^,,
萱  萱,北京,海淀
一首歌,山东,济宁
岁月无声,河北,唐山
彩云,山东,潍坊
汐,,
C,,
孟祥耀,山东,烟台
休闲e站,山东,
Smart,山东,
宋韶梅,,
GQ,,
神助攻小研,,
晴天sunny,Male Atoll,
超超,,
神奇的兔子,山东,济宁
season in the sun,,
小眉,,
飞扬,,
二哥,山东,
,海南,海口
刘宝春,山东,
童H,陕西,西安
庄会升,,
飘在天空中的果冻,,
张猛,山东,济宁
还是小屁孩,,
??,山东,济南
一直很安静,浙江,杭州
云淡风轻,山东,济宁
Liberté,山东,济南
机智云 陈鸣,,
西安电子科技大学,陕西,西安
昝要金,,
一克拉臭臭,山东,青岛
木示,浙江,舟山
天意  程慧敏,,
0+1,广东,深圳
Y.rk,广东,深圳
月饼,广东,深圳
张云,广东,深圳
C,浙江,杭州
??,,
WMZ,山东,淄博
雨雪霏霏,辽宁,大连
LUCG,,
sin,福建,福州
sniper,广东,深圳
大象??爆米花,北京,通州
??????,,
刘晓燕,河北,沧州
c筱,山东,济宁
冷暖自知,陕西,西安
Silence,新疆,乌鲁木齐
dawn,湖北,武汉
。。。,山东,德州
东东,,
麦一十,浙江,宁波
tw雨,广东,惠州
小小??,,
流星。,山东,济宁
噬魂,Vienna,
。。。,,
　　　　　　　　,,
if.i.stay,山东,青岛
关于理想我从来没选择放弃,山东,泰安
妲己喜欢小正太,河南,
漫步人生路,山东,济宁
张晓,江苏,苏州
?薄荷糖丶微凉??,黑龙江,哈尔滨
Hafrans,山东,
周亚玲,山东,济南
天道酬勤！！,,
一念,山东,济宁
五点,山东,济宁
网络安全监管中心,山东,东营
囚徒,,
Dealbreaker,South Australia,Adelaide
Holding wind,,
Ywxxxxx,山东,济宁
??,山东,济宁
落羽轻尘,,
圆通速递15688878119,山东,济南
十年??,山东,
致胜文化公司,北京,朝阳
漂浮地铁,山东,济宁
张,广东,深圳
juno,山东,德州
深圳昝跃伟,广东,深圳
Libya,,
g无羡,山东,枣庄
Sweety、小任性,山东,淄博
广告主咨询-传播易 chuanboyi.com,,
天上一口,山东,济宁
自然卷儿,,
智,山东,
倔强的萝卜,山东,济宁
喵喵的信仰是张小杰,山东,济南
韩冀中,北京,海淀
遇见ZYQ,Benguela,
起源帝国客服,江苏,苏州
熊孩纸,河北,石家庄
周思思思思敏,,
Vastocean,山东,济宁
橘子cake,天津,北辰
四季花,吉林,吉林
??,Faro,
Asia-亚洲,山东,青岛
学习使我快乐！,山东,济宁
苏阿文,山东,济宁
晓,广东,中山
??????（何必,山东,济宁
Sheng,,
张成文,,
hellocs,广东,深圳
钟,,
周益民,四川,成都
姜政伟,北京,西城
sdd,北京,海淀
主席,辽宁,沈阳
李晴岚 Qinglan Li,,
程章林,广东,深圳
李文波,北京,昌平
吴广君,,
尹建华,山东,青岛
冯良炳,,
钟江华,北京,海淀
黄翰,Bie,
胡博,广东,深圳
赵志为,四川,成都
张龙飞,北京,海淀
胡(HuYuChong),湖北,武汉
柴秀娟,北京,海淀
刘嘉,广东,深圳
顾,,
艳,北京,海淀
李新,,
王薇薇,山东,烟台
李欣健,广东,深圳
Ling Yin,广东,深圳
安伟,北京,朝阳
QGhappy,,
birch,,
Shengping,Kowloon City,
女模头,,
关言己,,
昝,山东,济宁
lethe,Saraburi,
Jessie,Paris,
Kowalski,四川,成都
??????,山东,
湘雅二娃,Munich,
牵手情?? 放手爱????,山东,济宁
苏娟大人,江苏,南京
花仙子,辽宁,鞍山
MM,辽宁,本溪
嗯哦啊奥 ?,,
??左筱灿,Seoul,
喜乐安好,山东,济宁
黄林涛,辽宁,沈阳
胡波,北京,丰台
王涛,四川,巴中
WX Wang,辽宁,沈阳
我笑他人看不穿,Carinthia,
null,山东,
哒哒哒,北京,朝阳
二 三 .,山东,济宁
归途,山东,济宁
猫的现实,山东,济宁
勒犹??,山东,潍坊
渣女,广东,深圳
阿迪,河北,廊坊
??????,Tyrol,
专业刷粉                   ?,,
??,,
肖肖??,,
(F，F),山东,济宁
??Angel??????,Carlow,
保研君,,
许伟,山东,聊城
Mr.chen,,
一切随缘,Kowloon City,
潮汐,,
三十六度伴@昝彩霞,其他,波斯尼亚和黑塞哥维那
静香,,
姓名,山东,
mao?qing?dong,山东,济南
倩儿,,
李唐,,
肇,湖南,益阳
??北冥有鱼,Paris,
阿岳很严格,山东,济宁
神奇的幸运女孩rose,Virginia,Lynchburg
马汇,山西,太原
好景在望.,山东,济宁
楚川颖,湖南,长沙
一笑奈何,山东,济宁
****,,
小帅锅,山东,
LTZ＊,山东,青岛
白{小,四川,资阳
飞机的飞,山东,济宁
陈芳州,山东,
??,,
微博微信服务,,
刘铎,安徽,阜阳
宁某,山东,聊城
CCC,,
放宽心～,,
雨滴英语李洪坤,,
芊泽。,山东,济南
Mr.C,山东,淄博
sunshine,山东,济宁
CallMe王瑞F,山西,忻州
明天给力,河北,廊坊
徐慧洁,浙江,杭州
Cui~?? ??,山东,青岛
牟进祥,山东,济南
?温酒书生?,,
Lzy,江苏,常州
何国秀,福建,福州
可爱小公举,,
July Rainbow,山东,
璃沫,辽宁,沈阳
张张张晓_,,
Hum,湖北,武汉
Laughing、,山东,
无上清凉,山东,济宁
CRIMINAL__,山东,济宁
Unspoken Love,山东,潍坊
氵,山东,济宁
Zhangyjia1008??????,北京,海淀
Oops,山东,泰安
bilibili biu~,四川,成都
往后余生,江苏,盐城
恭喜你,山东,济宁
酱油帝,安徽,合肥
Echo??,浙江,杭州
｜ ??? ??? ｜,,
杨鸿泽,吉林,四平
爱学习的猪??,山东,济宁
雯雯,北京,海淀
杨帆,山东,烟台
浮生丶若梦,上海,浦东新区
张明祥,,
坚持,Minnesota,
xyz??,山东,济宁
??,山西,太原
曼曼,广东,广州
Persistence,山东,济宁
菠萝妹??,湖南,益阳
远航教育神墨课堂,山东,济宁
xy,北京,丰台
Fairy,山东,东营
小通通,山东,潍坊
郝！瘦！,,
爱丽丝,山东,聊城
Belinda,,
Bennett,陕西,西安
耶路撒冷,Berlin,
思远&amp;输给乌龟的兔子??,黑龙江,哈尔滨
张伟,浙江,杭州
无敌的泥巴,四川,乐山
W,山东,青岛
大可馨??,山东,济宁
Ayo,四川,成都
未来AI科技领袖,山西,朔州
流金岁月,安徽,安庆
执笔论英雄,内蒙古,
冯家小千,,
呵呵哒～,,
.,香港,南区
优研优选-丹妮儿,,
枝被鹿捡走 海将河推走,山东,青岛
Yolo今天看论文了吗,浙江,绍兴
小峰zi,台湾,台北市
Rina,Victoria,Melbourne
ChrisYuan,Offaly,
辛士庆,浙江,宁波
考拉,北京,海淀
郭光鸿,广东,广州
东橙橙西柚柚,广东,深圳
tiger,湖北,黄石
Young.v.,湖北,恩施
万成皓,,
爱到习惯才会永久,山东,青岛
人生若只如初见,山东,菏泽
李宁,北京,海淀
小学弟,山东,济南
闲人指录,河南,南阳
牧云客。,,
lz,,
邢峰,北京,海淀
Eden,福建,厦门
大小微客服,,
好好学java,江西,赣州
周凯,山东,济南
5v,山东,济南
博文,北京,海淀
金多宝,甘肃,
举重@佳琪,黑龙江,鹤岗
H.??,,
??Linda??,山东,济南
光荣的心,,
尘世孤行,辽宁,沈阳
呱牛,陕西,咸阳
永吉,,
撄宁,河南,新乡
小阿冬,湖南,长沙
李双磊,北京,西城
阳仔,河北,邢台
顺势而动,,
智能的一只,,
gbtux,北京,海淀
天空,,
伊娃,山东,济南
小研草,江苏,徐州
土豆不是豆,,
曾令仿-华科大,湖北,武汉
静,山东,临沂
黑色幽默,,
高等教育出版社官方微店,,
嘉勋至诚,河南,郑州
BarBatruc??,北京,东城
倘棠糖唐,山东,济宁
炫梦,山东,青岛
Shall we dance,山东,
铭MARS花,湖北,武汉
StevenTony,Frankfurt,
薛云2?1?,北京,海淀
陈鸣秀,,
天天,河南,洛阳
,河南,洛阳
D,,
A小管家,河北,秦皇岛
林跃,,
」??一颗小树,,
被诅咒的猫,山东,济南
梁勇,,
后知后觉,四川,成都
Gentlemen.,河南,鹤壁
直接说事，在吗不回！谢谢,,
Liz,广东,深圳
承香墨影,北京,朝阳
A000 金龙（微信人工投票）,福建,福州
A晓??流量主加粉阅读投票点赞,广东,中山
公子禹,辽宁,大连
盛飞William,北京,海淀
王久一,,
小海豚,广东,广州
黄,广东,广州
Aaron,广东,广州
小小陈,广西,桂林
闻着风做梦的城,,
import,山东,菏泽
王秀祥,山东,济宁
Java,,
普利思水,,
无疆、环球同此凉热,河南,周口
上海小胖,上海,杨浦
磊,山东,潍坊
里奇,陕西,西安
新滑社,,
Carter.W,England,London
小詹学Python,安徽,安庆
Go  bears!,山东,济南
落月,广东,深圳
微眸指光、点染眼前风景,广西,贺州
Wy。L,北京,
??,,
淼淼之森(水哥),England,Oxford
平凡人生,,
丸纸,北京,
zone,广东,深圳
Rookie,,
?崔崔Olivia?,上海,静安
她不是钻石却光芒万丈。,,
gdel,湖北,
文猛,上海,闵行
Chen,山东,济宁
子龙,广东,广州
新驿镇后寺村跃昌卫生室,山东,济宁
Eric,河南,洛阳
寂小桦,北京,海淀
翱翔,,
徐同坤,山东,临沂
陈志豪,海南,三亚
Gogoat(响应慢，见谅),,
依然饭特稀西,重庆,巴南
sergiojune,广东,广州
高旭,上海,松江
吴俊俏,广东,东莞
MoTec,广东,清远
java程序媛之家,,
Lucky.,宁夏,银川
Xiankun ZENG,湖北,襄阳
??周哈哈,江苏,苏州
。obsessiveness,山东,潍坊
大漠,山东,济南
昝志灿,,
Fox_C,山东,烟台
让我滚去学习,广东,深圳
猿天地,上海,虹口
new moon,山东,青岛
小北[机智],Prince Edward Island,Charlottetow
荔枝小一萌,四川,成都
花花,山西,
语欣,,
Moehoo猛虎,北京,丰台
拧栀,,
王雪,山东,潍坊
Mr_晨先森,山东,淄博
only1213,山东,济南
?,天津,
Iris,山东,济宁
大男孩,,
嘤其鸣矣，求其友声,山东,济宁
曹鹏飞,,
风月????连城,广东,广州
再见吧喵小姐,Offaly,
action,河南,郑州
Da李,,
勿忘心安,浙江,杭州
随缘,上海,徐汇
孙强,山东,泰安
小灰,北京,朝阳
逆水寒,广东,深圳
Joyce_Liu,Paris,
sun.shine,安徽,淮北
ZXD Nicholas ??,浙江,杭州
冉野 `,北京,朝阳
science,,
正好有空,江苏,南京
夏虫不可语冰,河北,邢台
猪蹄,,
brucepk,上海,徐汇
keithxiaoy,上海,闵行
雨冰,广东,广州
风霜高洁,北京,海淀
小海葵的深蓝,,
乔戈里,黑龙江,哈尔滨
原来是你丶,New York,Syracuse
亠亠亠亠亠天,山东,济宁
佚名,山东,济宁
???、  局。@,山东,济宁
。。。。。,San Luis,
帅地,广东,汕尾
汇天下豪杰,陕西,西安
周周,,
life is binary,北京,朝阳
妈咪,,
琴,安徽,合肥
蹦蹦蹦,河南,郑州
碎°月*,河南,驻马店
zzz,,
Andy,江苏,常州
帅气的码农,,
唯爱、霞,山西,太原
陪伴是最长情的告白?? ！,江西,上饶
大施兄,广东,深圳
Elody,山东,临沂
Luke,广东,深圳
不练叔,江苏,徐州
品味人生,四川,成都
柒八九,宁夏,中卫
萌比，,湖北,武汉
KING・deer??,,
李爽,辽宁,大连
有事太忙,山东,济宁
宝莉,山东,济宁
刘晟然,陕西,西安
水江天,陕西,西安
杨宇纯,广东,深圳
大惠,辽宁,铁岭
?? ??,山东,菏泽
梦中人,陕西,铜川
老表,湖北,武汉
付志峰,Magdeburg,
lee,,
The day,河北,秦皇岛
飞翔的土豆,江苏,无锡
子不语,山西,大同
期刊哥,江苏,南京
梦醒，远航,,
Lucien,江苏,南京
Databox,广东,深圳
刘迎春,山东,济宁
罗序斌,广东,深圳
joe姜,北京,昌平
小白同学,辽宁,大连
一大勺子,Nice,
努力努力再努力y,上海,闵行
一盎司Rum??,Abu Dhabi,
Alex,天津,滨海新区
枕边话 °    -,上海,松江
纯洁的微笑,,
羔婴仔,,
YE,江苏,无锡
往后余生,山东,济南
微店|分销顾问-燕七,,
张路莹,山东,菏泽
Gorry,广东,广州
Nannerl,Jeju-do,Yeoju County
pony,,
咪小田,,
八分之三,上海,嘉定
尹Rui青??,山东,济宁
Mr.R,湖北,武汉
Danube,山东,日照
逸明,北京,海淀
懒癌拖延症患者,河南,郑州
??傻丫头要长大??,北京,海淀
李路军（自动化所精密）,湖南,长沙
纠结的天秤,山东,德州
ocean。,山东,济南
赵祈杰,北京,海淀
清风徐来,Victoria,Melbourne
パピヨン,湖南,娄底
SnailClimb,湖北,
我的第三个十年??,山西,
锋哥（程序十年）,广东,深圳
刘宏（北大机器人）,广东,深圳
狂奔的蜗牛,District of Columbia,Washington
大熊,广东,深圳
ZEYU,辽宁,沈阳
S. Cai,北京,海淀
欲速及风,广东,深圳
北风吹,北京,海淀
王东,吉林,吉林
梁小鱼,北京,海淀
刘广发今天背单词了吗,山东,济南
剑谱,北京,朝阳
刘进,山东,青岛
Aaron宁仔  .,江苏,徐州
从前,山东,济宁
Bad Code,四川,成都
南梁,山东,济宁
6,山东,济宁
坚果,河南,新乡
??小辣椒,,
撒拉嘿！,山东,济宁
侧耳倾听,北京,海淀
时光逝去????,,
-D,Geneve,
黑超,,
寒澈,,
子沫,山东,济南
王仙女,河北,石家庄
(^O^)／,陕西,西安
L。,山东,济宁
LIN,广东,汕头
William,山东,济南
Wenwen,山东,济宁
Y臻于至善,山东,济宁
猜猜我是谁,,
阴天快乐,山东,济南
Cherish,,
城府,山东,烟台
@太阳 ?,山东,菏泽
一只不会长胖的猪猪??～,Amsterdam,
桃桃冰雪聪明,山东,济南
云夕月,,
米饭,,
Gaga,,
??,山东,青岛
孙佳诺??,,
NASA,山东,青岛
ideaistt,山西,大同
Nocrossnocrown,河南,驻马店
hrp.,山东,青岛
戴久乾,山东,
乱红飞过秋千去,山东,潍坊
-Crush_,,
SuperHustle,,
别说话,,
Laputa.,,
星星来,Mykolayiv,
时倾,,
@Eternity,山东,淄博
whenever,山东,泰安
echo??,,
天天,Wellington,
_LR_,,
肥肥胖胖是??,山东,聊城
网很好CIUM,山东,日照
Willing,山东,济宁
Dewey,山东,济南
好好,,
软件开发,North,
偏执的傲,,
守望,,
Julia-唐,北京,
阳光.,黑龙江,哈尔滨
Cathy,吉林,长春
梁一一??,陕西,西安
武旭,上海,松江
幸运,山东,济宁
Jasmine,山东,淄博
冰块,山东,青岛
青蔓??,山东,滨州
晓纪晓岚,河南,焦作
gin ~ frim,黑龙江,佳木斯
温柔,,
食兔人,浙江,嘉兴
Harries,北京,东城
LuckQI~琪琪,河北,邯郸
??韩佳佳是最胖的！,北京,东城
人间不值得,,
Chris,江苏,南京
Java杂记小助手,,
托马斯.李.维,北京,朝阳
伍号元素,北京,海淀
明星,广东,深圳
Maxwell.,山东,
Emily ??,北京,顺义
我爱学习 学习爱我,,
Jarred,山东,济宁
IT拾荒者,北京,海淀
1234,,
刘浩,山东,烟台
高小杰,北京,海淀
耳东陈,,
蓝桥斯琮,江苏,南京
李艳鹏,北京,通州
年少风,北京,
李多肉,山东,济南
姜平,,
??,,
江中芦苇,江西,景德镇
carrie,广东,广州
李路野,广东,广州
安娜,北京,
兴飞@用户增长,,
Arry_,,
鲁老师,,
AA小万君1120（折扣码:381395）,,
人生如戏,,
助手阳琼,,
monica(ITSTAR）,湖南,长沙
大小姐,上海,
肥小喵??,,
班主任Alfred,,
星火,山东,聊城
小猿,福建,厦门
No success no change,Salta,
李辉,江苏,徐州
原野,辽宁,沈阳
AA.,Rio Gallegos,
红桃A,浙江,杭州
苦行,浙江,台州
王广强铭星所律师13012791166,山东,临沂
Hardstyle Melody,,
小万君773（折扣码294709）,,
只为等你,Bie,
Soul_Purple??,山东,临沂
敷衍,,
钢琴上的豆仔 ??,山东,潍坊
小万君_?? 哎呀～,浙江,杭州
王小婷,,
赵龙,北京,朝阳
鹏友,福建,厦门
列文,四川,成都
peggy,,
时丧,山东,济南
Zaza,Canberra,
小太阳,,
??,Tokyo,Tokyo
木木,上海,浦东新区
GMC,辽宁,大连
密室游鱼,广东,深圳
刘望舒,,
??,湖南,长沙
铝合金渔具箱，鱼漂盒,河北,保定
弈紫,,
爱&amp;威不足道,广东,东莞
yoyo,广东,深圳
郭,山东,济宁
Cynthia,England,Stoke-on-Trent
自己动手丰衣足食,,
小万君-M,河南,郑州
皓月长歌,湖南,长沙
shěn huìhuì??,湖南,株洲
不要香菜,,
帆帆@253.com,广东,深圳
十一,山东,济南
小油条,,
我也不知道啊,河北,石家庄
How 2 Play Life,湖北,武汉
甘世玉,北京,石景山
三哥,湖北,武汉
Vi-Young,河南,郑州
Diane安,浙江,杭州
?? Ame（大先）,山东,济宁
大宝@极客时间,,
嘉言懿行,,
ZqH,黑龙江,大庆
要没时间了,上海,闵行
Dcapi,,
mimic,湖南,岳阳
夜悲城凉,北京,海淀
喜g你。,,
Devil.,Canberra,
清风徐来,北京,海淀
香锅最棒??,吉林,四平
I Never Left,Nara-ken,Nara-shi
阿哲,,
REMINIS,山东,济南
C.X.N.,湖北,武汉
短发,山东,济宁
琼,陕西,西安
??,,
Rookie小强,福建,厦门
Alysa,Seoul,
鹏哥哥是??,,
夜未央渐阑珊,辽宁,大连
Lie,,
yoyo_zyz,山东,济南
^,山东,
哈哈酷Y,山东,济南
千金,,
香草天空,上海,浦东新区
??,,
?,,
wait,,
空奏列车,山东,济南
曾阿牛????????????,,
七月半夏,广东,广州
陈树义,广东,广州
沈仲强,上海,闵行
Fenglin,Washington,Seattle
刘洋,北京,通州
BJZ,山东,临沂
A.DY网络引流推广,,
98度,北京,丰台
暖树,,
lsq,,
佳霖,重庆,大足
Mon,山东,济南
浮云,,
-HHANnLImINn,,
从心出发（已下班，有事留言）,,
清风细雨,山东,
A.  Boom ??,愿每一颗流浪的??,都能找到属于自己的归宿
ZEALER,Rosario,
小生...参上！,山东,济宁
帅锅,,
